global_region,count,mean,median,std,min,max,pct_of_total
Global South,448,3.6743973214285712,0.0,7.666419678534437,0.0,60.0,77.2
Global North,129,3.3044961240310076,0.0,6.6990586980140705,0.0,50.0,22.2
