global_region,count,mean,median,std,min,max,pct_of_total
Global South,531,2.910677966101695,0.0,6.944921472304483,0.0,50.0,87.5
Global North,76,1.0051315789473685,0.0,3.1943911233790403,0.0,20.0,12.5
