language,count,mean,median,std,min,max,pct_of_total
es,198,5.234949494949495,0.0,9.588402509688025,0.0,60.0,34.1
en,139,3.256906474820144,0.0,6.571069536499253,0.0,50.0,24.0
pt,240,2.4299166666666663,0.0,5.44483056755162,0.0,33.33,41.4
