global_region,count,mean,median,std,min,max,pct_of_total
Global South,448,2.3836830357142857,0.0,6.866407776714992,0.0,60.0,77.2
Global North,129,1.5605426356589147,0.0,4.115944664897247,0.0,25.0,22.2
