global_region,count,mean,median,std,min,max,pct_of_total
Global South,527,3.2804554079696393,0.0,7.9182367226555925,0.0,50.0,84.2
Global North,95,0.8041052631578948,0.0,2.8818332281308785,0.0,20.0,15.2
