language,count,mean,median,std,min,max,pct_of_total
es,200,4.312,0.0,8.510737882021889,0.0,42.86,32.9
pt,313,2.13702875399361,0.0,5.772785771746447,0.0,50.0,51.6
en,94,0.9645744680851064,0.0,3.034910377551736,0.0,20.0,15.5
