language,count,mean,median,std,min,max,pct_of_total
es,198,3.349747474747475,0.0,8.620397510289168,0.0,60.0,34.1
pt,240,1.686,0.0,5.042583833262583,0.0,33.33,41.4
en,139,1.448273381294964,0.0,3.984616237782788,0.0,25.0,24.0
