language,count,mean,median,std,min,max,pct_of_total
es,198,4.891212121212122,0.0,9.606221468875829,0.0,50.0,31.6
pt,313,2.3835782747603833,0.0,6.663715707224163,0.0,50.0,50.0
en,111,0.8168468468468468,0.0,2.8122908752901017,0.0,20.0,17.7
